Time/sec,Current/A
0.1,2.586e-05
0.2,2.498e-05
0.3,2.417e-05
0.4,2.342e-05
0.5,2.271e-05
0.6,2.201e-05
0.7,2.139e-05
0.8,2.074e-05
0.9,2.021e-05
1.0,1.967e-05
1.1,1.911e-05
1.2,1.863e-05
1.3,1.813e-05
1.4,1.766e-05
1.5,1.721e-05
1.6,1.678e-05
1.7,1.637e-05
1.8,1.597e-05
1.9,1.557e-05
2.0,1.524e-05
2.1,1.485e-05
2.2,1.452e-05
2.3,1.419e-05
2.4,1.387e-05
2.5,1.354e-05
2.6,1.325e-05
2.7,1.29e-05
2.8,1.269e-05
2.9,1.238e-05
3.0,1.211e-05
3.1,1.187e-05
3.2,1.163e-05
3.3,1.136e-05
3.4,1.108e-05
3.5,1.089e-05
3.6,1.064e-05
3.7,1.043e-05
3.8,1.017e-05
3.9,1.002e-05
4.0,9.815e-06
4.1,9.593e-06
4.2,9.403e-06
4.3,9.207e-06
4.4,9.019e-06
4.5,8.84e-06
4.6,8.669e-06
4.7,8.488e-06
4.8,8.303e-06
4.9,8.135e-06
5.0,8.025e-06
5.1,7.831e-06
5.2,7.655e-06
5.3,7.545e-06
5.4,7.351e-06
5.5,7.209e-06
5.6,7.082e-06
5.7,6.928e-06
5.8,6.789e-06
5.9,6.655e-06
6.0,6.526e-06
6.1,6.375e-06
6.2,6.27e-06
6.3,6.108e-06
6.4,6.031e-06
6.5,5.878e-06
6.6,5.781e-06
6.7,5.633e-06
6.8,5.519e-06
6.9,5.413e-06
7.0,5.323e-06
7.1,5.218e-06
7.2,5.127e-06
7.3,4.948e-06
7.4,4.901e-06
7.5,4.772e-06
7.6,4.711e-06
7.7,4.581e-06
7.8,4.449e-06
7.9,4.374e-06
8.0,4.294e-06
8.1,4.206e-06
8.2,4.114e-06
8.3,4.018e-06
8.4,3.925e-06
8.5,3.836e-06
8.6,3.752e-06
8.7,3.632e-06
8.8,3.565e-06
8.9,3.501e-06
9.0,3.395e-06
9.1,3.355e-06
9.2,3.266e-06
9.3,3.172e-06
9.4,3.066e-06
9.5,3.008e-06
9.6,2.954e-06
9.7,2.878e-06
9.8,2.771e-06
9.9,2.702e-06
10.0,2.682e-06
10.1,2.592e-06
10.2,2.488e-06
10.3,2.449e-06
10.4,2.364e-06
10.5,2.297e-06
10.6,2.225e-06
10.7,2.126e-06
10.8,2.122e-06
10.9,2.037e-06
11.0,2.002e-06
11.1,1.906e-06
11.2,1.833e-06
11.3,1.814e-06
11.4,1.729e-06
11.5,1.681e-06
11.6,1.563e-06
11.7,1.592e-06
11.8,1.48e-06
11.9,1.477e-06
12.0,1.395e-06
12.1,1.336e-06
12.2,1.261e-06
12.3,1.235e-06
12.4,1.151e-06
12.5,1.102e-06
12.6,1.055e-06
12.7,9.815e-07
12.8,9.79e-07
12.9,8.609e-07
13.0,9.216e-07
13.1,8.127e-07
13.2,7.405e-07
13.3,7.374e-07
13.4,6.478e-07
13.5,6.279e-07
13.6,5.381e-07
13.7,5.205e-07
13.8,4.316e-07
13.9,4.327e-07
14.0,4.287e-07
14.1,2.782e-07
14.2,3.343e-07
14.3,2.369e-07
14.4,2.163e-07
14.5,1.88e-07
14.6,1.251e-07
14.7,5.242e-08
14.8,3.202e-08
14.9,-1.072e-08
15.0,-6.434e-08
15.1,-1.027e-07
15.2,-9.28e-08
15.3,-1.981e-07
15.4,-2.348e-07
15.5,-2.533e-07
15.6,-2.814e-07
15.7,-3.527e-07
15.8,-4.145e-07
15.9,-3.795e-07
16.0,-4.437e-07
16.1,-4.64e-07
16.2,-5.462e-07
16.3,-5.894e-07
16.4,-5.787e-07
16.5,-6.406e-07
16.6,-6.509e-07
16.7,-7.109e-07
16.8,-7.157e-07
16.9,-7.774e-07
17.0,-7.676e-07
17.1,-8.205e-07
17.2,-8.76e-07
17.3,-8.685e-07
17.4,-9.104e-07
17.5,-9.747e-07
17.6,-1.016e-06
17.7,-1.02e-06
17.8,-1.077e-06
17.9,-1.092e-06
18.0,-1.094e-06
18.1,-1.163e-06
18.2,-1.164e-06
18.3,-1.228e-06
18.4,-1.26e-06
18.5,-1.254e-06
18.6,-1.314e-06
18.7,-1.343e-06
18.8,-1.363e-06
18.9,-1.403e-06
19.0,-1.397e-06
19.1,-1.443e-06
19.2,-1.486e-06
19.3,-1.498e-06
19.4,-1.533e-06
19.5,-1.543e-06
19.6,-1.594e-06
19.7,-1.637e-06
19.8,-1.637e-06
19.9,-1.664e-06
20.0,-1.647e-06
20.1,-1.712e-06
20.2,-1.77e-06
20.3,-1.793e-06
20.4,-1.795e-06
20.5,-1.843e-06
20.6,-1.838e-06
20.7,-1.857e-06
20.8,-1.952e-06
20.9,-1.9e-06
21.0,-1.922e-06
21.1,-1.982e-06
21.2,-1.988e-06
21.3,-2.019e-06
21.4,-2.036e-06
21.5,-2.11e-06
21.6,-2.087e-06
21.7,-2.114e-06
21.8,-2.161e-06
21.9,-2.18e-06
22.0,-2.179e-06
22.1,-2.183e-06
22.2,-2.229e-06
22.3,-2.264e-06
22.4,-2.267e-06
22.5,-2.335e-06
22.6,-2.329e-06
22.7,-2.378e-06
22.8,-2.346e-06
22.9,-2.366e-06
23.0,-2.393e-06
23.1,-2.447e-06
23.2,-2.462e-06
23.3,-2.436e-06
23.4,-2.493e-06
23.5,-2.533e-06
23.6,-2.528e-06
23.7,-2.58e-06
23.8,-2.606e-06
23.9,-2.598e-06
24.0,-2.585e-06
24.1,-2.637e-06
24.2,-2.668e-06
24.3,-2.685e-06
24.4,-2.696e-06
24.5,-2.697e-06
24.6,-2.785e-06
24.7,-2.769e-06
24.8,-2.79e-06
24.9,-2.769e-06
25.0,-2.797e-06
25.1,-2.823e-06
25.2,-2.87e-06
25.3,-2.861e-06
25.4,-2.896e-06
25.5,-2.905e-06
25.6,-2.908e-06
25.7,-2.913e-06
25.8,-2.991e-06
25.9,-2.956e-06
26.0,-2.994e-06
26.1,-3.011e-06
26.2,-3.019e-06
26.3,-3.065e-06
26.4,-3.086e-06
26.5,-3.079e-06
26.6,-3.071e-06
26.7,-3.109e-06
26.8,-3.18e-06
26.9,-3.153e-06
27.0,-3.113e-06
27.1,-3.162e-06
27.2,-3.196e-06
27.3,-3.23e-06
27.4,-3.221e-06
27.5,-3.264e-06
27.6,-3.246e-06
27.7,-3.277e-06
27.8,-3.307e-06
27.9,-3.32e-06
28.0,-3.285e-06
28.1,-3.304e-06
28.2,-3.338e-06
28.3,-3.366e-06
28.4,-3.376e-06
28.5,-3.391e-06
28.6,-3.392e-06
28.7,-3.411e-06
28.8,-3.442e-06
28.9,-3.442e-06
29.0,-3.448e-06
29.1,-3.437e-06
29.2,-3.503e-06
29.3,-3.495e-06
29.4,-3.525e-06
29.5,-3.51e-06
29.6,-3.536e-06
29.7,-3.563e-06
29.8,-3.587e-06
29.9,-3.582e-06
30.0,-3.574e-06
30.1,-3.614e-06
30.2,-3.609e-06
30.3,-3.632e-06
30.4,-3.655e-06
30.5,-3.664e-06
30.6,-3.677e-06
30.7,-3.691e-06
30.8,-3.721e-06
30.9,-3.695e-06
31.0,-3.714e-06
31.1,-3.744e-06
31.2,-3.695e-06
31.3,-3.786e-06
31.4,-3.765e-06
31.5,-3.779e-06
31.6,-3.807e-06
31.7,-3.818e-06
31.8,-3.83e-06
31.9,-3.834e-06
32.0,-3.824e-06
32.1,-3.871e-06
32.2,-3.861e-06
32.3,-3.888e-06
32.4,-3.907e-06
32.5,-3.911e-06
32.6,-3.894e-06
32.7,-3.996e-06
32.8,-3.904e-06
32.9,-3.943e-06
33.0,-3.94e-06
33.1,-3.977e-06
33.2,-3.962e-06
33.3,-4.057e-06
33.4,-4.013e-06
33.5,-4.023e-06
33.6,-3.98e-06
33.7,-4.042e-06
33.8,-4.101e-06
33.9,-4.07e-06
34.0,-4.074e-06
34.1,-4.051e-06
34.2,-4.098e-06
34.3,-4.107e-06
34.4,-4.124e-06
34.5,-4.141e-06
34.6,-4.152e-06
34.7,-4.13e-06
34.8,-4.138e-06
34.9,-4.214e-06
35.0,-4.181e-06
35.1,-4.159e-06
35.2,-4.214e-06
35.3,-4.209e-06
35.4,-4.235e-06
35.5,-4.227e-06
35.6,-4.248e-06
35.7,-4.271e-06
35.8,-4.278e-06
35.9,-4.249e-06
36.0,-4.239e-06
36.1,-4.279e-06
36.2,-4.27e-06
36.3,-4.31e-06
36.4,-4.319e-06
36.5,-4.335e-06
36.6,-4.34e-06
36.7,-4.375e-06
36.8,-4.35e-06
36.9,-4.362e-06
37.0,-4.341e-06
37.1,-4.38e-06
37.2,-4.386e-06
37.3,-4.394e-06
37.4,-4.409e-06
37.5,-4.44e-06
37.6,-4.458e-06
37.7,-4.401e-06
37.8,-4.453e-06
37.9,-4.446e-06
38.0,-4.45e-06
38.1,-4.452e-06
38.2,-4.458e-06
38.3,-4.484e-06
38.4,-4.49e-06
38.5,-4.483e-06
38.6,-4.5e-06
38.7,-4.536e-06
38.8,-4.515e-06
38.9,-4.508e-06
39.0,-4.539e-06
39.1,-4.54e-06
39.2,-4.561e-06
39.3,-4.53e-06
39.4,-4.579e-06
39.5,-4.568e-06
39.6,-4.581e-06
39.7,-4.599e-06
39.8,-4.618e-06
39.9,-4.609e-06
40.0,-4.622e-06
40.1,-4.606e-06
40.2,-4.634e-06
40.3,-4.634e-06
40.4,-4.651e-06
40.5,-4.661e-06
40.6,-4.67e-06
40.7,-4.674e-06
40.8,-4.692e-06
40.9,-4.647e-06
41.0,-4.687e-06
41.1,-4.694e-06
41.2,-4.701e-06
41.3,-4.724e-06
41.4,-4.711e-06
41.5,-4.733e-06
41.6,-4.716e-06
41.7,-4.76e-06
41.8,-4.751e-06
41.9,-4.797e-06
42.0,-4.711e-06
42.1,-4.731e-06
42.2,-4.779e-06
42.3,-4.782e-06
42.4,-4.792e-06
42.5,-4.784e-06
42.6,-4.817e-06
42.7,-4.816e-06
42.8,-4.831e-06
42.9,-4.816e-06
43.0,-4.811e-06
43.1,-4.835e-06
43.2,-4.847e-06
43.3,-4.854e-06
43.4,-4.859e-06
43.5,-4.845e-06
43.6,-4.891e-06
43.7,-4.877e-06
43.8,-4.882e-06
43.9,-4.89e-06
44.0,-4.887e-06
44.1,-4.933e-06
44.2,-4.897e-06
44.3,-4.895e-06
44.4,-4.913e-06
44.5,-4.928e-06
44.6,-4.956e-06
44.7,-4.967e-06
44.8,-4.963e-06
44.9,-4.97e-06
45.0,-4.929e-06
45.1,-4.933e-06
45.2,-4.984e-06
45.3,-4.953e-06
45.4,-4.995e-06
45.5,-4.962e-06
45.6,-5.006e-06
45.7,-4.987e-06
45.8,-5.035e-06
45.9,-5.007e-06
46.0,-5.013e-06
46.1,-5.027e-06
46.2,-5.023e-06
46.3,-5.034e-06
46.4,-5.042e-06
46.5,-5.03e-06
46.6,-5.07e-06
46.7,-5.033e-06
46.8,-5.11e-06
46.9,-5.092e-06
47.0,-5.021e-06
47.1,-5.077e-06
47.2,-5.068e-06
47.3,-5.112e-06
47.4,-5.099e-06
47.5,-5.077e-06
47.6,-5.138e-06
47.7,-5.105e-06
47.8,-5.126e-06
47.9,-5.112e-06
48.0,-5.102e-06
48.1,-5.155e-06
48.2,-5.111e-06
48.3,-5.145e-06
48.4,-5.137e-06
48.5,-5.144e-06
48.6,-5.189e-06
48.7,-5.149e-06
48.8,-5.153e-06
48.9,-5.193e-06
49.0,-5.153e-06
49.1,-5.185e-06
49.2,-5.186e-06
49.3,-5.193e-06
49.4,-5.197e-06
49.5,-5.204e-06
49.6,-5.199e-06
49.7,-5.225e-06
49.8,-5.249e-06
49.9,-5.218e-06
50.0,-5.199e-06
50.1,-5.246e-06
50.2,-5.225e-06
50.3,-5.247e-06
50.4,-5.233e-06
50.5,-5.272e-06
50.6,-5.256e-06
50.7,-5.293e-06
50.8,-5.275e-06
50.9,-5.266e-06
51.0,-5.253e-06
51.1,-5.265e-06
51.2,-5.276e-06
51.3,-5.31e-06
51.4,-5.262e-06
51.5,-5.301e-06
51.6,-5.292e-06
51.7,-5.299e-06
51.8,-5.322e-06
51.9,-5.348e-06
52.0,-5.272e-06
52.1,-5.299e-06
52.2,-5.341e-06
52.3,-5.351e-06
52.4,-5.307e-06
52.5,-5.338e-06
52.6,-5.337e-06
52.7,-5.357e-06
52.8,-5.35e-06
52.9,-5.345e-06
53.0,-5.349e-06
53.1,-5.359e-06
53.2,-5.383e-06
53.3,-5.366e-06
53.4,-5.369e-06
53.5,-5.383e-06
53.6,-5.378e-06
53.7,-5.392e-06
53.8,-5.424e-06
53.9,-5.402e-06
54.0,-5.379e-06
54.1,-5.401e-06
54.2,-5.413e-06
54.3,-5.436e-06
54.4,-5.421e-06
54.5,-5.421e-06
54.6,-5.422e-06
54.7,-5.467e-06
54.8,-5.411e-06
54.9,-5.455e-06
55.0,-5.419e-06
55.1,-5.421e-06
55.2,-5.43e-06
55.3,-5.447e-06
55.4,-5.457e-06
55.5,-5.457e-06
55.6,-5.453e-06
55.7,-5.476e-06
55.8,-5.478e-06
55.9,-5.509e-06
56.0,-5.417e-06
56.1,-5.49e-06
56.2,-5.478e-06
56.3,-5.454e-06
56.4,-5.479e-06
56.5,-5.513e-06
56.6,-5.479e-06
56.7,-5.496e-06
56.8,-5.527e-06
56.9,-5.504e-06
57.0,-5.5e-06
57.1,-5.556e-06
57.2,-5.495e-06
57.3,-5.515e-06
57.4,-5.566e-06
57.5,-5.512e-06
57.6,-5.527e-06
57.7,-5.611e-06
57.8,-5.525e-06
57.9,-5.536e-06
58.0,-5.53e-06
58.1,-5.514e-06
58.2,-5.534e-06
58.3,-5.529e-06
58.4,-5.561e-06
58.5,-5.562e-06
58.6,-5.559e-06
58.7,-5.614e-06
58.8,-5.554e-06
58.9,-5.605e-06
59.0,-5.545e-06
59.1,-5.589e-06
59.2,-5.589e-06
59.3,-5.586e-06
59.4,-5.614e-06
59.5,-5.592e-06
59.6,-5.588e-06
59.7,-5.611e-06
59.8,-5.616e-06
59.9,-5.597e-06
60.0,-5.575e-06
